﻿<?xml version="1.0" encoding="utf-8"?>
<publishData>
  <publishProfile publishUrl="http://localhost/Portfolio_Publish" deleteExistingFiles="True" ftpAnonymousLogin="False" ftpPassiveMode="True" msdeploySite="" msdeploySiteID="" msdeployRemoteSitePhysicalPath="" msdeployAllowUntrustedCertificate="False" msdeploySkipExtraFilesOnServer="True" msdeployMarkAsApp="False" profileName="Profile1" publishMethod="FileSystem" replaceMatchingFiles="False" userName="" savePWD="False" userPWD="" SelectedForPublish="True">
    <file relUrl="Scripts/jquery.validate.unobtrusive.js" publishTime="06/01/2012 14:51:21" />
    <file relUrl="Views/Fund/Create.aspx" publishTime="06/01/2012 15:14:55" />
    <file relUrl="Content/themes/base/jquery.ui.resizable.css" publishTime="06/01/2012 14:51:40" />
    <file relUrl="Content/themes/base/images/ui-bg_flat_75_ffffff_40x100.png" publishTime="06/01/2012 14:51:43" />
    <file relUrl="Content/themes/base/images/ui-bg_glass_55_fbf9ee_1x400.png" publishTime="06/01/2012 14:51:43" />
    <file relUrl="Views/Trade/Create.aspx" publishTime="06/01/2012 16:40:56" />
    <file relUrl="Scripts/MicrosoftAjax.js" publishTime="06/01/2012 14:51:21" />
    <file relUrl="Content/themes/base/jquery.ui.accordion.css" publishTime="06/01/2012 14:51:41" />
    <file relUrl="Images/arrow.gif" publishTime="06/20/2012 15:11:17" />
    <file relUrl="Views/Membership/Login.aspx" publishTime="06/28/2012 13:43:18" />
    <file relUrl="bin/EntityFramework.xml" publishTime="06/01/2012 14:51:43" />
    <file relUrl="Scripts/MicrosoftMvcValidation.debug.js" publishTime="06/01/2012 14:51:21" />
    <file relUrl="Views/Fund/Index.aspx" publishTime="06/01/2012 17:30:18" />
    <file relUrl="Content/themes/base/jquery.ui.button.css" publishTime="06/01/2012 14:51:41" />
    <file relUrl="Web.config" publishTime="06/28/2012 14:01:49" />
    <file relUrl="Views/Asset/Chart.ascx" publishTime="06/01/2012 17:42:44" />
    <file relUrl="Content/themes/base/images/ui-icons_cd0a0a_256x240.png" publishTime="06/01/2012 14:51:41" />
    <file relUrl="Scripts/MicrosoftMvcAjax.js" publishTime="06/01/2012 14:51:21" />
    <file relUrl="Scripts/jquery-ui-1.8.11.js" publishTime="06/01/2012 14:51:40" />
    <file relUrl="Views/Deposit/Index.aspx" publishTime="06/19/2012 16:40:12" />
    <file relUrl="bin/EntityFramework.dll" publishTime="06/01/2012 14:51:43" />
    <file relUrl="Global.asax" publishTime="06/01/2012 14:51:21" />
    <file relUrl="Content/themes/base/images/ui-icons_2e83ff_256x240.png" publishTime="06/01/2012 14:51:42" />
    <file relUrl="Content/themes/base/images/ui-bg_glass_75_e6e6e6_1x400.png" publishTime="06/01/2012 14:51:42" />
    <file relUrl="Views/Trade/Details.aspx" publishTime="06/01/2012 16:05:29" />
    <file relUrl="Content/themes/base/jquery.ui.slider.css" publishTime="06/01/2012 14:51:40" />
    <file relUrl="Views/Deposit/Details.aspx" publishTime="06/19/2012 16:09:53" />
    <file relUrl="Scripts/jquery.unobtrusive-ajax.min.js" publishTime="06/01/2012 14:51:21" />
    <file relUrl="Scripts/jquery-ui-1.8.11.min.js" publishTime="06/01/2012 14:51:40" />
    <file relUrl="Views/Trade/Index.aspx" publishTime="06/18/2012 15:25:16" />
    <file relUrl="Content/themes/base/jquery.ui.dialog.css" publishTime="06/01/2012 14:51:41" />
    <file relUrl="Views/Fund/Delete.aspx" publishTime="06/01/2012 15:14:58" />
    <file relUrl="Scripts/jquery-1.5.1.js" publishTime="06/01/2012 14:51:37" />
    <file relUrl="bin/Portfolio.MVC.dll" publishTime="06/28/2012 13:57:07" />
    <file relUrl="Content/themes/base/jquery.ui.core.css" publishTime="06/01/2012 14:51:41" />
    <file relUrl="Content/themes/base/images/ui-bg_glass_75_dadada_1x400.png" publishTime="06/01/2012 14:51:42" />
    <file relUrl="Content/themes/base/jquery.ui.base.css" publishTime="06/01/2012 14:51:41" />
    <file relUrl="Views/Asset/Delete.aspx" publishTime="06/01/2012 17:36:13" />
    <file relUrl="bin/Microsoft.Web.Helpers.dll" publishTime="06/01/2012 17:42:06" />
    <file relUrl="Content/themes/base/jquery.ui.datepicker.css" publishTime="06/01/2012 14:51:41" />
    <file relUrl="Content/themes/base/jquery.ui.selectable.css" publishTime="06/01/2012 14:51:40" />
    <file relUrl="Scripts/jquery.validate.js" publishTime="06/01/2012 14:51:39" />
    <file relUrl="Content/themes/base/images/ui-icons_222222_256x240.png" publishTime="06/01/2012 14:51:42" />
    <file relUrl="Views/Home/About.aspx" publishTime="06/01/2012 14:51:21" />
    <file relUrl="Content/themes/base/jquery.ui.progressbar.css" publishTime="06/01/2012 14:51:41" />
    <file relUrl="Views/Deposit/Edit.aspx" publishTime="06/19/2012 16:09:56" />
    <file relUrl="packages.config" publishTime="06/01/2012 17:42:09" />
    <file relUrl="Views/Fund/Details.aspx" publishTime="06/01/2012 15:14:53" />
    <file relUrl="Views/Asset/Edit.aspx" publishTime="06/01/2012 17:36:11" />
    <file relUrl="Views/Home/Index.aspx" publishTime="06/28/2012 11:45:10" />
    <file relUrl="Views/Asset/Create.aspx" publishTime="06/01/2012 17:36:10" />
    <file relUrl="Release Notes - Microsoft.Web.Helpers.txt" publishTime="06/01/2012 17:42:06" />
    <file relUrl="Content/themes/base/images/ui-icons_454545_256x240.png" publishTime="06/01/2012 14:51:42" />
    <file relUrl="Scripts/jquery.unobtrusive-ajax.js" publishTime="06/01/2012 14:51:21" />
    <file relUrl="Views/Shared/Site.Master" publishTime="06/28/2012 12:52:04" />
    <file relUrl="Scripts/jquery.validate.min.js" publishTime="06/01/2012 14:51:39" />
    <file relUrl="Content/themes/base/images/ui-bg_glass_65_ffffff_1x400.png" publishTime="06/01/2012 14:51:42" />
    <file relUrl="Content/themes/base/jquery.ui.theme.css" publishTime="06/01/2012 14:51:40" />
    <file relUrl="Views/Deposit/Delete.aspx" publishTime="06/19/2012 16:09:57" />
    <file relUrl="Scripts/jquery.validate-vsdoc.js" publishTime="06/01/2012 14:51:39" />
    <file relUrl="Views/Fund/Edit.aspx" publishTime="06/01/2012 15:14:56" />
    <file relUrl="Scripts/jquery-1.5.1.min.js" publishTime="06/01/2012 14:51:37" />
    <file relUrl="Views/Web.config" publishTime="06/28/2012 13:24:55" />
    <file relUrl="Content/Site.css" publishTime="06/01/2012 14:51:21" />
    <file relUrl="Views/Trade/Delete.aspx" publishTime="06/01/2012 16:05:34" />
    <file relUrl="Scripts/MicrosoftMvcValidation.js" publishTime="06/01/2012 14:51:21" />
    <file relUrl="Content/themes/base/images/ui-icons_888888_256x240.png" publishTime="06/01/2012 14:51:42" />
    <file relUrl="Views/Shared/Error.aspx" publishTime="06/26/2012 14:40:15" />
    <file relUrl="Views/Asset/Index.aspx" publishTime="06/01/2012 17:36:07" />
    <file relUrl="bin/Portfolio.MVC.pdb" publishTime="06/28/2012 13:57:07" />
    <file relUrl="Scripts/modernizr-1.7.js" publishTime="06/01/2012 14:51:49" />
    <file relUrl="Scripts/modernizr-1.7.min.js" publishTime="06/01/2012 14:51:49" />
    <file relUrl="Content/themes/base/jquery.ui.all.css" publishTime="06/01/2012 14:51:41" />
    <file relUrl="Views/Deposit/Create.aspx" publishTime="06/25/2012 12:13:45" />
    <file relUrl="Scripts/MicrosoftAjax.debug.js" publishTime="06/01/2012 14:51:21" />
    <file relUrl="Scripts/jquery-1.5.1-vsdoc.js" publishTime="06/01/2012 14:51:38" />
    <file relUrl="Scripts/MicrosoftMvcAjax.debug.js" publishTime="06/01/2012 14:51:21" />
    <file relUrl="Content/themes/base/images/ui-bg_glass_95_fef1ec_1x400.png" publishTime="06/01/2012 14:51:42" />
    <file relUrl="Views/Asset/Details.aspx" publishTime="06/01/2012 17:36:08" />
    <file relUrl="Content/themes/base/images/ui-bg_flat_0_aaaaaa_40x100.png" publishTime="06/01/2012 14:51:43" />
    <file relUrl="Scripts/jquery.validate.unobtrusive.min.js" publishTime="06/01/2012 14:51:21" />
    <file relUrl="Content/themes/base/jquery.ui.tabs.css" publishTime="06/01/2012 14:51:40" />
    <file relUrl="Views/Trade/Edit.aspx" publishTime="06/01/2012 16:05:32" />
    <file relUrl="Content/themes/base/images/ui-bg_highlight-soft_75_cccccc_1x100.png" publishTime="06/01/2012 14:51:42" />
    <file relUrl="Content/themes/base/jquery.ui.autocomplete.css" publishTime="06/01/2012 14:51:41" />
  </publishProfile>
</publishData>